{
  "BIOKEY_10": {
    "nk": 0.009907,
    "eff": 0.073875,
    "tex": 0.0112,
    "treg": 0.024984,
    "renewal": 0.003877,
    "ratio": 0.702156,
    "response": 1
  },
  "BIOKEY_11": {
    "nk": 0.029898,
    "eff": 0.124682,
    "tex": 0.046438,
    "treg": 0.05916,
    "renewal": 0.045165,
    "ratio": 0.652031,
    "response": 1
  },
  "BIOKEY_12": {
    "nk": 0.037774,
    "eff": 0.208099,
    "tex": 0.015314,
    "treg": 0.036583,
    "renewal": 0.061426,
    "ratio": 0.853144,
    "response": 1
  },
  "BIOKEY_14": {
    "nk": 0.016954,
    "eff": 0.124961,
    "tex": 0.002512,
    "treg": 0.029513,
    "renewal": 0.072527,
    "ratio": 0.866548,
    "response": 0
  },
  "BIOKEY_15": {
    "nk": 0.021612,
    "eff": 0.06937,
    "tex": 0.017876,
    "treg": 0.049893,
    "renewal": 0.030683,
    "ratio": 0.638881,
    "response": 1
  },
  "BIOKEY_16": {
    "nk": 0.017515,
    "eff": 0.103432,
    "tex": 0.168047,
    "treg": 0.083787,
    "renewal": 0.041893,
    "ratio": 0.391749,
    "response": 1
  },
  "BIOKEY_17": {
    "nk": 0.002085,
    "eff": 0.016331,
    "tex": 0.000347,
    "treg": 0.006254,
    "renewal": 0.002432,
    "ratio": 0.732798,
    "response": 0
  },
  "BIOKEY_18": {
    "nk": 0.009043,
    "eff": 0.064808,
    "tex": 0.003768,
    "treg": 0.019593,
    "renewal": 0.006029,
    "ratio": 0.7663,
    "response": 1
  },
  "BIOKEY_19": {
    "nk": 0.011176,
    "eff": 0.112002,
    "tex": 0.001458,
    "treg": 0.016764,
    "renewal": 0.120748,
    "ratio": 0.926955,
    "response": 0
  },
  "BIOKEY_2": {
    "nk": 0.017435,
    "eff": 0.115072,
    "tex": 0.001162,
    "treg": 0.014723,
    "renewal": 0.053468,
    "ratio": 0.916764,
    "response": 0
  },
  "BIOKEY_20": {
    "nk": 0.019332,
    "eff": 0.066784,
    "tex": 0.008787,
    "treg": 0.022847,
    "renewal": 0.036907,
    "ratio": 0.790344,
    "response": 0
  },
  "BIOKEY_21": {
    "nk": 0.016582,
    "eff": 0.018425,
    "tex": 0.000461,
    "treg": 0.003685,
    "renewal": 0.061723,
    "ratio": 0.949492,
    "response": 0
  },
  "BIOKEY_22": {
    "nk": 0.004386,
    "eff": 0.035088,
    "tex": 0.002924,
    "treg": 0.001462,
    "renewal": 0.020468,
    "ratio": 0.917554,
    "response": 0
  },
  "BIOKEY_23": {
    "nk": 0.005525,
    "eff": 0.104972,
    "tex": 0.005525,
    "treg": 0.01105,
    "renewal": 0.027624,
    "ratio": 0.887123,
    "response": 0
  },
  "BIOKEY_24": {
    "nk": 0.010814,
    "eff": 0.088568,
    "tex": 0.00206,
    "treg": 0.016478,
    "renewal": 0.016478,
    "ratio": 0.855702,
    "response": 0
  },
  "BIOKEY_25": {
    "nk": 0.023649,
    "eff": 0.14527,
    "tex": 0.016892,
    "treg": 0.027027,
    "renewal": 0.0,
    "ratio": 0.789939,
    "response": 0
  },
  "BIOKEY_26": {
    "nk": 0.008511,
    "eff": 0.021277,
    "tex": 0.001596,
    "treg": 0.002128,
    "renewal": 0.011702,
    "ratio": 0.89779,
    "response": 0
  },
  "BIOKEY_27": {
    "nk": 0.010705,
    "eff": 0.097822,
    "tex": 0.001107,
    "treg": 0.013289,
    "renewal": 0.019934,
    "ratio": 0.892974,
    "response": 0
  },
  "BIOKEY_28": {
    "nk": 0.015576,
    "eff": 0.072897,
    "tex": 0.130841,
    "treg": 0.060436,
    "renewal": 0.02866,
    "ratio": 0.37857,
    "response": 1
  },
  "BIOKEY_29": {
    "nk": 0.00611,
    "eff": 0.084521,
    "tex": 0.005092,
    "treg": 0.013238,
    "renewal": 0.021385,
    "ratio": 0.852832,
    "response": 0
  },
  "BIOKEY_3": {
    "nk": 0.002498,
    "eff": 0.022481,
    "tex": 0.001943,
    "treg": 0.016098,
    "renewal": 0.010269,
    "ratio": 0.649274,
    "response": 0
  },
  "BIOKEY_30": {
    "nk": 0.001064,
    "eff": 0.006647,
    "tex": 0.000266,
    "treg": 0.001595,
    "renewal": 0.001861,
    "ratio": 0.769872,
    "response": 0
  },
  "BIOKEY_31": {
    "nk": 0.006718,
    "eff": 0.023672,
    "tex": 0.014075,
    "treg": 0.022073,
    "renewal": 0.009917,
    "ratio": 0.52039,
    "response": 1
  },
  "BIOKEY_4": {
    "nk": 0.026414,
    "eff": 0.142375,
    "tex": 0.019483,
    "treg": 0.067254,
    "renewal": 0.089172,
    "ratio": 0.746205,
    "response": 0
  },
  "BIOKEY_5": {
    "nk": 0.013457,
    "eff": 0.161807,
    "tex": 0.060878,
    "treg": 0.049343,
    "renewal": 0.127203,
    "ratio": 0.731148,
    "response": 1
  },
  "BIOKEY_6": {
    "nk": 0.003553,
    "eff": 0.049561,
    "tex": 0.000748,
    "treg": 0.018702,
    "renewal": 0.004676,
    "ratio": 0.738621,
    "response": 0
  },
  "BIOKEY_7": {
    "nk": 0.002466,
    "eff": 0.032059,
    "tex": 0.0,
    "treg": 0.006165,
    "renewal": 0.022195,
    "ratio": 0.887842,
    "response": 0
  },
  "BIOKEY_8": {
    "nk": 0.052055,
    "eff": 0.20274,
    "tex": 0.021918,
    "treg": 0.043836,
    "renewal": 0.032877,
    "ratio": 0.811657,
    "response": 0
  },
  "BIOKEY_9": {
    "nk": 0.003178,
    "eff": 0.034001,
    "tex": 0.0,
    "treg": 0.004449,
    "renewal": 0.004449,
    "ratio": 0.884257,
    "response": 0
  }
}